accountNo,firstName,lastName,city,state,cardmemberSince
2511793,Garner,Hulcoop,Tallahassee,Florida,2007
5924463,Felicia,Pockey,Portsmouth,Virginia,1992
1884062,Milena,Seeking,Mount Vernon,New York,2011
0763378,Bondon,Redfearn,Denton,Texas,1998
1869776,Darryl,Bryenton,Tulsa,Oklahoma,2000
3888659,Anne-marie,Penniell,Seattle,Washington,2008
8288638,Ardys,Narbett,Milwaukee,Wisconsin,1992
4557918,Grover,Colquitt,Glendale,California,1995
0800988,Sharla,Luxon,Shawnee Mission,Kansas,2008
5744932,Ariel,Blincoe,New Orleans,Louisiana,2011
1144342,Jessi,Crawford,Fort Worth,Texas,2008
2579869,Jarad,Wong,Saint Louis,Missouri,2005
9027513,Denice,Simonnot,Trenton,New Jersey,2004
7918165,Taylor,Garforth,Washington,District of Columbia,2010
4343647,Burke,Langcastle,Memphis,Tennessee,1998
8547387,Vilma,Farndell,Philadelphia,Pennsylvania,2005
5903689,Odo,Barreau,El Paso,Texas,2010
0591710,Jordanna,Turbard,Henderson,Nevada,2011
6546646,Yolanthe,Ablitt,Harrisburg,Pennsylvania,2003
6203220,Alvan,MacUchadair,Washington,District of Columbia,2012
0339201,Lucy,Brosi,Fresno,California,2010
6203522,Gennie,Cumberledge,Birmingham,Alabama,2000
2203489,Rafi,Hamelyn,Oakland,California,2000
5734898,Otes,Mackin,Tallahassee,Florida,1987
6264398,Hersh,Trumper,Raleigh,North Carolina,1993
9670561,Garrett,Talbot,Washington,District of Columbia,2005
4990530,Aristotle,Robilart,Kent,Washington,2001
7934507,Shandra,Bromige,Trenton,New Jersey,1999
5352766,Drucie,Macallam,Nashville,Tennessee,2004
5664305,Matteo,Archdeacon,Scottsdale,Arizona,2003
2624872,Joell,Housley,Springfield,Massachusetts,2011
9584181,Nadya,Hugenin,Boston,Massachusetts,2007
5579887,Orelie,Crichmer,Spring,Texas,2006
1175507,Adi,Grubb,Fargo,North Dakota,2009
7779334,Justina,Loadwick,Sarasota,Florida,1995
8623746,Karyn,Vannikov,Terre Haute,Indiana,2001
9232681,Kameko,Grigg,West Palm Beach,Florida,1998
6381275,Malissa,Cattenach,Washington,District of Columbia,1988
1893928,Micaela,Neubigin,Fort Myers,Florida,2005
4425206,Karolina,Feathers,Meridian,Mississippi,2003
4907747,Jesselyn,Bridywater,Kansas City,Missouri,2011
8583003,Katey,Caroli,Jamaica,New York,2005
9583426,Jany,Durtnal,Silver Spring,Maryland,1998
8116793,Doyle,Dytham,Phoenix,Arizona,2004
8972449,Anna,Comberbeach,Charleston,West Virginia,1998
2161434,Alf,McLleese,Alhambra,California,2010
9464985,Sigvard,Churchward,Dallas,Texas,1989
3995549,Archambault,Lavens,Muncie,Indiana,2000
9551196,Kirstyn,Amori,Akron,Ohio,2009
1948251,Shay,Slaten,Grand Rapids,Michigan,1996
8398317,Isiahi,Fawbert,San Jose,California,1991
4807189,Sonnie,Cherrington,San Jose,California,2012
1589300,Darb,Pavinese,Houston,Texas,2001
3245776,Dore,Cordsen,San Jose,California,1999
5125402,Modesta,Whorlow,Lancaster,California,2000
8134048,Sunny,Madelin,Honolulu,Hawaii,2011
9065342,Tadd,Welland,Charleston,West Virginia,1988
2006126,Alvin,Bernardotte,Decatur,Georgia,2009
3667609,Revkah,Passfield,Henderson,Nevada,2003
1233750,Estele,Presdie,Chicago,Illinois,1992
8465422,Minnie,Golde,Springfield,Illinois,2008
2447534,Clair,Behning,Austin,Texas,2007
4748528,Barton,Wickersham,El Paso,Texas,2009
2594127,Etienne,Bes,Manassas,Virginia,1994
0196832,Berkeley,Guillond,Sacramento,California,2011
3162500,Karee,Snoad,Bronx,New York,2010
7498572,Cameron,Ferby,Memphis,Tennessee,1995
3596167,Waldon,Dalloway,Bethesda,Maryland,1994
0192112,Skipper,Lilburn,Colorado Springs,Colorado,2005
7626136,Rebeka,Cogin,Kansas City,Missouri,2008
0419732,Willdon,Auger,Washington,District of Columbia,1998
8445981,Dasha,Marrison,Wichita,Kansas,2009
6008159,Karlyn,Brabant,Maple Plain,Minnesota,1993
7979263,Konstanze,De Laci,Fort Lauderdale,Florida,2008
2353034,Suellen,Aymerich,Fort Smith,Arkansas,1993
6521219,Antons,Leynton,Houston,Texas,2011
3141573,Rania,Deare,Chesapeake,Virginia,1994
1911422,Lynna,Reeder,Chula Vista,California,2007
8521395,Bartholemy,Oxberry,Chicago,Illinois,1993
1539422,Krissie,Lindsley,Hartford,Connecticut,2012
1634318,Nikolai,Sommerland,Garland,Texas,1997
5253668,Emalee,McGrirl,Colorado Springs,Colorado,1986
0865890,Chandler,Barthelemy,Saint Paul,Minnesota,1992
2721244,Rebeka,Guiness,Pensacola,Florida,1989
8298376,Selina,Gorler,Austin,Texas,2003
3143503,Alissa,Ville,Atlanta,Georgia,2003
9651906,Edith,Sweeten,Pittsburgh,Pennsylvania,2006
5631326,Mohandas,Gough,Miami,Florida,2010
8178555,Jilleen,Hixson,Miami,Florida,1995
6720926,Saleem,Vaughan,Akron,Ohio,2001
6237396,Davita,Yeoland,Tucson,Arizona,1990
8554345,Clifford,McDuffie,Honolulu,Hawaii,1995
1291144,Thayne,Fautley,Grand Rapids,Michigan,2012
0653569,Joseph,Cullrford,Joliet,Illinois,2011
4275446,Jarrod,Broadhurst,Sacramento,California,1998
4128117,Cymbre,Hanfrey,New York City,New York,2012
7542323,Jacynth,Yerrill,Columbus,Mississippi,1996
9542575,Adan,Ballendine,Philadelphia,Pennsylvania,2011
2638279,Melitta,Ferneley,Dallas,Texas,2007
4210508,Ethelyn,Grece,Torrance,California,1986
8002645,Letta,Tunny,Staten Island,New York,1999
8375805,Manda,Constantine,Montgomery,Alabama,2002
6246453,Emeline,Rubinchik,Washington,District of Columbia,2011
6878096,Jdavie,Delacroux,Los Angeles,California,1989
4853877,Rani,Smorthit,Columbus,Ohio,2010
6393634,Antony,Gligoraci,Las Vegas,Nevada,1988
4147601,Marc,Caron,Worcester,Massachusetts,2004
0155197,Cristy,Atty,Houston,Texas,1988
5210311,Aron,Hanscom,Raleigh,North Carolina,1993
9790477,Nicolle,Wilhelmy,Austin,Texas,2012
5759999,Haily,Sweedy,Washington,District of Columbia,1997
5327513,Donica,Scaice,Denver,Colorado,2007
4250423,Tawsha,McEwan,Fort Wayne,Indiana,1999
7041894,Elysia,Colebourn,Greensboro,North Carolina,2002
2234608,Bryanty,Rayburn,Chicago,Illinois,1992
7969009,Rhys,Emmatt,Eugene,Oregon,2007
9720331,Josee,Lendon,Salt Lake City,Utah,1993
0176391,Mildrid,Tissell,Washington,District of Columbia,1997
8332269,Maribelle,Schwandt,Louisville,Kentucky,2006
5084003,Evelyn,Cundy,San Antonio,Texas,2011
7717074,Tiebout,Blyth,Sacramento,California,2001
4001253,Demetris,Richin,Bethesda,Maryland,2005
0273096,Lisa,Haggard,Homestead,Florida,2006
7913975,Kaleb,Haysham,Phoenix,Arizona,2013
8654546,Zoe,Charville,Washington,District of Columbia,2010
9573352,Gabi,Melanaphy,Baton Rouge,Louisiana,2000
8568402,Hildy,Shaughnessy,Baltimore,Maryland,2006
0380212,Dorey,Overil,Boston,Massachusetts,1976
9250743,Valery,Barnish,Orlando,Florida,2004
0485641,Lolita,Minnis,El Paso,Texas,1991
2499876,Aldo,Rossin,Denver,Colorado,1999
5086122,Brandy,Bamford,Naples,Florida,1979
2533560,Muriel,Gaymer,Lexington,Kentucky,2012
0213796,David,Beumant,Trenton,New Jersey,1985
2323098,Tarrah,Halfacre,Mobile,Alabama,2011
8836659,Reade,Dufer,Hicksville,New York,2006
4585258,Bonnee,McGroarty,Palmdale,California,2008
0760589,Michel,Schelle,Mobile,Alabama,2003
8891239,Gracie,Lamasna,Tampa,Florida,2009
7169005,Dalli,Whereat,Bakersfield,California,2013
4053417,Erin,Ramplee,Chicago,Illinois,2000
3120718,Agnes,Boorne,Knoxville,Tennessee,2006
1490153,Corny,Heinicke,San Jose,California,2005
9243913,Bill,Anyon,Atlanta,Georgia,2012
9027688,Sydney,Kynder,Augusta,Georgia,2010
8112631,Augustine,Froom,Pompano Beach,Florida,2001
0843156,Davie,Ellins,Phoenix,Arizona,1992
4903372,Max,Borell,Virginia Beach,Virginia,2010
5064900,Gabrielle,Gotthard,Buffalo,New York,2006
0431301,Tedie,Binns,Colorado Springs,Colorado,2010
2759804,Brigitta,Baltrushaitis,Woburn,Massachusetts,1994
0439800,Angy,Gershom,Burbank,California,2000
1356101,Beverie,Bolzen,Nashville,Tennessee,1995
2455429,Manon,Mabbs,Austin,Texas,2008
8631879,Branden,de Clerk,Savannah,Georgia,2003
2240290,Blinni,Okill,Charlotte,North Carolina,2012
8190853,Robinson,Minger,Oklahoma City,Oklahoma,1998
8393240,Bobby,Rigney,El Paso,Texas,1985
6989312,Clarabelle,Hanssmann,Lake Charles,Louisiana,2011
8866099,Hastie,Bellefant,New Orleans,Louisiana,1994
1531694,Sherilyn,Venard,Appleton,Wisconsin,2001
9551950,Bengt,Doige,Fargo,North Dakota,1996
7917909,Claudette,Mazzeo,Des Moines,Iowa,2007
0957146,Belinda,Finlaison,High Point,North Carolina,2008
9463286,Caleb,Devaney,Fort Wayne,Indiana,1988
4155598,Reynolds,Pirazzi,Nashville,Tennessee,1996
9469485,Alair,ducarme,San Diego,California,2009
7154687,Gabey,Brunelleschi,Iowa City,Iowa,2005
5951771,Tansy,Jerok,Greensboro,North Carolina,2000
8613232,Mason,Ponder,Birmingham,Alabama,2012
7068791,Rosaline,Cholerton,San Antonio,Texas,2008
1671880,Wynn,Christer,Columbia,South Carolina,1997
6705824,Janet,Mepham,Riverside,California,2006
5610645,Carlyle,Bernette,Los Angeles,California,2003
9139634,Riordan,Klesse,Kansas City,Missouri,2007
4274581,Liza,Sunderland,Worcester,Massachusetts,1992
7804086,Ivonne,Clampton,Peoria,Illinois,2003
7544862,Antonio,Lycett,Las Vegas,Nevada,1992
2728927,Mavis,Bessant,Norfolk,Virginia,1990
6961049,Ward,Pauls,Sacramento,California,2003
1448264,Mamie,Dursley,Los Angeles,California,2004
9771202,Hinze,Gilchrest,Baltimore,Maryland,1995
1509845,Edlin,Ferrieres,Oklahoma City,Oklahoma,1993
8266683,Darell,Dasent,Washington,District of Columbia,2000
7004362,Jasun,Vevers,Jackson,Mississippi,2007
6556300,Raychel,Agus,Washington,District of Columbia,2010
4401106,Leslie,Purslow,Amarillo,Texas,1994
0595312,Cosimo,Delgado,Texarkana,Texas,1984
2433971,Lacey,de Courcey,Houston,Texas,1957
9632546,Staford,Ianilli,Littleton,Colorado,2004
9541311,Hertha,Jone,Anniston,Alabama,2011
1721437,Rasla,Maccaig,Salt Lake City,Utah,2004
0022243,Adan,Aisman,Albany,New York,1958
8628374,Corie,Romeuf,Reno,Nevada,2011
5233804,Teddy,Valentelli,Seattle,Washington,2008
0654815,Esme,Whale,Washington,District of Columbia,2012
7561856,Chance,Francecione,San Jose,California,2000
0128512,Jard,Baudichon,Lynn,Massachusetts,2011
9091952,Dimitri,Kimbling,Phoenix,Arizona,2000
9025349,Dorian,Terbruggen,Austin,Texas,2006
9858401,Velma,Algar,Port Charlotte,Florida,1989
6416622,Parsifal,Ord,Washington,District of Columbia,1995
3497735,Aida,Braine,Lynn,Massachusetts,2001
0127373,Lisbeth,McCerery,Pasadena,California,2011
3323697,Valeria,Yanshonok,New York City,New York,1995
6950111,Ewart,Jorio,Seattle,Washington,1996
5585836,Arlyn,Fenelow,Saint Paul,Minnesota,1990
9395150,Brenna,Tripe,Charleston,West Virginia,1999
8744525,Nilson,Draper,Gaithersburg,Maryland,1996
4636047,Creigh,Halsted,Huntsville,Alabama,2011
1733156,Conrado,Silburn,Whittier,California,2008
8882259,Sile,Ramirez,Anderson,South Carolina,1998
0605140,Ab,Spurrior,Nashville,Tennessee,2001
9216202,Hetty,Wipfler,Springfield,Ohio,1998
3453013,Ives,Minors,Chandler,Arizona,2006
6438067,Massimo,Aronowicz,Seattle,Washington,2013
8705626,Worden,O'Scanlan,Greensboro,North Carolina,1990
9653843,Frank,Lampel,Cincinnati,Ohio,2000
0740932,Trudi,Gipps,Columbia,South Carolina,1994
0799392,Coriss,Tolan,Pittsburgh,Pennsylvania,1999
7054990,Ethelind,Cadell,Maple Plain,Minnesota,2010
0078200,Georgi,Gledstane,Mobile,Alabama,1983
2278281,Sheela,Sinyard,Tampa,Florida,1985
0539726,Eula,Braid,Indianapolis,Indiana,1997
5462133,Ingram,Priddy,Alexandria,Louisiana,2002
0560073,Beau,Ledington,Columbia,Missouri,2004
3428556,Matilde,Dounbare,Sacramento,California,1977
1706841,Farleigh,Savege,Gulfport,Mississippi,2008
4713487,Jourdan,Farnorth,Winston Salem,North Carolina,2002
4928475,Marian,O'Dulchonta,Honolulu,Hawaii,1998
2903725,Dori,Carverhill,Portland,Oregon,2003
1186703,Nanci,Dooler,Phoenix,Arizona,2012
7365040,Concordia,Segot,Corpus Christi,Texas,1997
8724853,Manny,Gilders,Denver,Colorado,2012
8011844,Ibbie,Stirland,North Little Rock,Arkansas,2007
0378987,Scott,Sextie,Miami,Florida,2008
2131542,Susanetta,Ballantine,Denver,Colorado,2006
5262776,Concordia,Mouat,Topeka,Kansas,2010
0243601,Zabrina,Ryves,Detroit,Michigan,2009
7457776,Osborne,Cleal,Harrisburg,Pennsylvania,1999
2740404,Ricki,Bailles,Houston,Texas,1996
3425471,Wilbur,Cooke,Hicksville,New York,2005
2592571,Saunderson,Huffy,Sacramento,California,2001
2960157,Ranee,Bollen,Hampton,Virginia,1988
7780915,Osbourn,Matteucci,Clearwater,Florida,2006
9409219,James,Kohrsen,Miami Beach,Florida,2013
5071718,Maura,Crilley,Cleveland,Ohio,2011
7020896,Aurora,Swadden,Memphis,Tennessee,2011
5915021,Mariska,Meach,Yakima,Washington,2010
0388976,Calla,Schimon,Arlington,Virginia,2004
9896845,Leila,Cubbino,Washington,District of Columbia,2007
4651423,Em,Cattini,San Francisco,California,1996
4705983,De witt,Wulfinger,Albany,New York,2010
1708272,Elwira,Ranscomb,Nashville,Tennessee,1993
0959777,Gasparo,Ditty,Kingsport,Tennessee,1996
2936360,Gloriana,Joslyn,Oklahoma City,Oklahoma,2008
9287982,Nicko,Brantl,Los Angeles,California,2011
4998206,Pauly,Kevlin,Stamford,Connecticut,1999
4033277,Ophelie,Bonanno,Chattanooga,Tennessee,2012
3516034,Dario,Lyddyard,Pittsburgh,Pennsylvania,2005
9269404,Bettine,Berendsen,Trenton,New Jersey,1973
7584803,Shari,Gross,Fort Worth,Texas,1997
8937477,Diane-marie,Davisson,Dallas,Texas,1992
2742498,Bartolomeo,Wressell,Minneapolis,Minnesota,1976
0217443,Diane,Matic,Phoenix,Arizona,2005
5230598,Marna,Concklin,Los Angeles,California,1998
3849807,Phillipe,Stoaks,Glendale,California,2006
0081070,Alfred,Semered,Brooklyn,New York,2009
3479179,Rosana,Libbis,Inglewood,California,1992
8176381,Hector,Mac,Buffalo,New York,2005
9188278,Adeline,Goodlett,Worcester,Massachusetts,1996
4649615,Valerie,Bilsford,Gaithersburg,Maryland,1992
4499730,Lib,Soughton,Honolulu,Hawaii,1996
9430553,Romonda,Malter,Watertown,Massachusetts,2003
8148211,Victoir,Burkhill,Washington,District of Columbia,2006
4308346,Etti,Frankom,Columbia,South Carolina,2010
1478839,Aura,Vell,Concord,California,1997
3180530,Mariel,Capstake,Durham,North Carolina,1997
2020533,Bridget,Drillot,Portsmouth,New Hampshire,2011
3399555,Derrik,Collman,Oklahoma City,Oklahoma,1994
0295148,Emlynne,Beazer,Cincinnati,Ohio,1981
1441644,Lexie,Ardern,New York City,New York,2000
9150457,Martita,Gaitskill,Kansas City,Missouri,1989
0905769,Madelene,Kedge,Washington,District of Columbia,1997
2192240,Salome,Ducket,Tulsa,Oklahoma,1997
4342203,Lisette,Grain,Lancaster,Pennsylvania,2003
9979093,Silvio,Hearley,Orlando,Florida,2011
6119505,Sol,Ridolfo,Garland,Texas,2005
8992287,Lisabeth,Pattinson,Roanoke,Virginia,2009
4182284,Nicko,Petti,San Jose,California,2012
7333840,Agosto,Briskey,Naples,Florida,1998
2058272,Margaret,Killingworth,Winston Salem,North Carolina,1992
3952653,Lefty,Jemison,Berkeley,California,2009
8283837,Barry,Wroe,Spring,Texas,1992
7770639,Ros,Heintz,Raleigh,North Carolina,1991
4864705,Kasper,Elwood,Inglewood,California,2009
9107713,Cole,Burchmore,Vero Beach,Florida,2010
5935687,Maye,Batchelor,Scranton,Pennsylvania,2010
3444283,Abagail,Roy,Miami,Florida,2009
1286000,Rey,Appleford,Detroit,Michigan,1999
4303824,Callida,Napthine,Baltimore,Maryland,1992
1277769,Letta,Mulderrig,Newark,New Jersey,2004
9607741,Isacco,Woehler,El Paso,Texas,2004
3598330,Sloane,Petruska,Washington,District of Columbia,2002
0765827,Lancelot,Carvil,Warren,Michigan,2005
6844395,Caryl,Gossart,Alexandria,Virginia,2004
3077754,Yule,Stutt,Delray Beach,Florida,1999
1999111,Katine,Kubes,Pensacola,Florida,2002
0741914,Cassandre,Schwaiger,Houston,Texas,1992
2595377,Clarke,Dollin,Los Angeles,California,2008
9813730,Stephi,De Cruce,Toledo,Ohio,1996
9328538,Chelsie,MacGebenay,Topeka,Kansas,2007
5646579,Arden,Luigi,Austin,Texas,1992
0202450,Tremayne,Tythe,Washington,District of Columbia,1999
2027975,Emmi,McInulty,Madison,Wisconsin,2007
1163118,Orrin,Mansour,San Antonio,Texas,2003
8677601,Cindy,Ruffles,Phoenix,Arizona,2007
6676743,Rollin,Foggo,Oceanside,California,2008
2593745,Rochette,Olyfat,Sacramento,California,1998
0176741,Maxim,Luparto,Springfield,Illinois,2009
0610384,Dulcy,Snar,San Diego,California,1994
6001705,Caitlin,Grayson,Dallas,Texas,1998
8817592,Britta,Lymer,Santa Clara,California,2009
0151514,Teddy,Szachniewicz,Austin,Texas,2008
8525527,Gwenore,Simester,Charleston,South Carolina,2006
6363516,Rockey,Kitcher,El Paso,Texas,1967
8846029,Xylia,Firth,Jamaica,New York,1998
1941980,Ashli,Siddle,Largo,Florida,1993
8033292,Susette,Samsonsen,Las Vegas,Nevada,1997
0348261,Steve,Gigg,El Paso,Texas,1998
2828390,Janna,Middleweek,Tucson,Arizona,2003
0392238,Carlyle,Wilkerson,South Bend,Indiana,2012
9125558,Dulci,Sargant,Amarillo,Texas,1993
6724177,Kitty,Stockill,Las Vegas,Nevada,1991
5978766,Caril,Rakestraw,Bloomington,Illinois,1997
1646590,Marieann,Stickney,Saint Paul,Minnesota,1984
6055735,Shelia,Starten,Crawfordsville,Indiana,1990
1208586,Davina,Grim,Montgomery,Alabama,2012
2283517,Lorianne,Jerrard,Arlington,Texas,1994
3948957,Martica,Garbar,Bronx,New York,2003
9965484,Norma,Eltun,Jacksonville,Florida,1999
4167284,Corly,Gornal,Norfolk,Virginia,2001
8001027,Antonie,Orleton,Sioux Falls,South Dakota,1997
8384925,Melany,Ellsbury,Tampa,Florida,1975
9611221,Rosaleen,Thulborn,Alpharetta,Georgia,1994
4971899,Dianna,Guiduzzi,Anderson,Indiana,2005
7815041,Herbert,Lanbertoni,Fort Wayne,Indiana,2003
0854737,Devina,Grieger,Huntington,West Virginia,1994
1179802,Garvin,Bardnam,Dallas,Texas,2008
1957706,Gilles,Mogford,Hollywood,Florida,2001
6967030,Far,Phette,Madison,Wisconsin,2012
1156450,Linnet,Faircliffe,Atlanta,Georgia,1986
2766644,Ainslie,Olle,San Francisco,California,2006
1913921,Rupert,Rennolds,Washington,District of Columbia,1997
5048246,Willey,Tineman,Tampa,Florida,2002
0953155,Keri,Jedrzejewicz,Miami,Florida,1995
0304703,Maryanna,Memmory,New York City,New York,2009
2430713,Gerhard,Bunney,San Antonio,Texas,1993
7633553,Bucky,Bertson,Oklahoma City,Oklahoma,2011
7395269,Ilene,Scramage,Hartford,Connecticut,2011
2761817,Donia,Lorenz,Toledo,Ohio,2001
5658847,Sianna,Bratty,Houston,Texas,2004
5345096,Dorise,Gemeau,Houston,Texas,1996
9346537,Natal,Aggiss,Abilene,Texas,1991
0142777,Georg,Myrkus,Spring,Texas,1998
2849439,Emmerich,Wilder,Syracuse,New York,1992
8903640,Lindie,Wixey,New York City,New York,1999
6319900,Nick,Aikin,Boise,Idaho,2010
5891351,Jena,Humbatch,Baton Rouge,Louisiana,1998
1057487,Moises,Thorby,Cumming,Georgia,1926
9178595,Filmer,Ryson,Dallas,Texas,1995
1456743,Alonso,Hurl,Dallas,Texas,2008
8088318,Phil,Eppson,Dallas,Texas,2010
5017099,Anselm,Wederell,Toledo,Ohio,1993
0116262,Stevy,Doody,Houston,Texas,1993
0427361,Tadeas,Schnitter,Largo,Florida,2012
1963632,Kathleen,Demkowicz,Albany,New York,2001
1538766,Adrian,Estrella,Columbia,South Carolina,2002
7832844,Megen,Bath,Lancaster,Pennsylvania,2012
5714824,Mina,Marnes,Indianapolis,Indiana,1992
9951552,Amery,Geri,Monticello,Minnesota,1992
6185085,Budd,Poulglais,Winter Haven,Florida,1992
6786474,Shirlee,Orsay,Pasadena,Texas,2010
0442661,Dahlia,Mulleary,Chicago,Illinois,2001
6672758,Ogden,Nathon,Atlanta,Georgia,2004
9868535,Ralina,Josephov,Cincinnati,Ohio,2006
4322811,Sherry,Culcheth,Laredo,Texas,2005
8878164,Hesther,Poetz,Salt Lake City,Utah,1994
9868413,Gilles,Hadkins,Peoria,Illinois,2003
8492001,Riccardo,Soffe,Tulsa,Oklahoma,1965
3751972,Tonie,Newcom,Los Angeles,California,1997
3504575,Fidelia,Belfrage,Huntington,West Virginia,2007
9519669,Harrison,Fassbindler,Wichita,Kansas,1991
4456988,Gertie,McGibbon,Denver,Colorado,1993
7867448,Jobyna,Crossby,Savannah,Georgia,1984
5019420,Ardeen,Boram,Carson City,Nevada,1993
9546760,Vail,Skrines,Tampa,Florida,1997
5518142,Ofelia,Mundee,North Port,Florida,1990
1190462,Tait,Seamen,Grand Rapids,Michigan,2005
2484910,Andreana,Poznanski,Amarillo,Texas,2000
3949430,Eward,Crumpton,Schenectady,New York,2001
3545047,Cos,Ellin,Mobile,Alabama,1989
4841175,Annetta,Ingerfield,Sandy,Utah,2009
5224809,Jorie,Bicheno,Minneapolis,Minnesota,1998
0154963,Nickey,Simyson,Washington,District of Columbia,2004
0400983,Jazmin,Tebbe,Burbank,California,2005
1568275,Cari,Raitt,Naperville,Illinois,2002
6022089,Giuditta,Wabey,Portland,Oregon,2008
6633111,Bernadette,Dell Casa,Jackson,Tennessee,1999
2567469,Cherrita,Everard,Scranton,Pennsylvania,2010
9811971,Claudine,McGorman,Houston,Texas,1997
4982273,Derek,Finby,Kansas City,Missouri,1986
9214829,Brian,Polendine,Rochester,Minnesota,1997
6197999,Lynett,De Dantesie,Baltimore,Maryland,2012
4340989,Aurie,Stoakley,Minneapolis,Minnesota,2009
6554548,Robbie,Keneford,Charlotte,North Carolina,1998
2072621,Esteban,Correa,Philadelphia,Pennsylvania,2001
1226506,Ottilie,Purrier,Danbury,Connecticut,2007
3189612,Kiley,Moisey,New York City,New York,1992
6896469,Korney,Tout,Berkeley,California,2003
0541687,Margareta,Lenahan,Houston,Texas,2005
4086579,Shani,Sapey,Houston,Texas,2006
0596287,August,Benitti,Fort Lauderdale,Florida,2000
5803106,Layton,Peckett,Norfolk,Virginia,2003
7395902,Willyt,Shiliton,New York City,New York,2004
8565084,Ollie,Trounce,Flint,Michigan,2007
9157938,Zondra,Gross,Arlington,Texas,2002
8084713,Tildy,Wordsworth,Honolulu,Hawaii,2007
4584970,Bourke,Valentin,Missoula,Montana,1988
4078128,Marylynne,Jennaroy,Huntington,West Virginia,2012
3344632,Langston,Barford,Minneapolis,Minnesota,1994
7088767,Vernor,Bentsen,El Paso,Texas,2010
1833069,Fredek,Muggleton,Reno,Nevada,1993
9186590,Umeko,Luetkemeyers,El Paso,Texas,1987
2573959,Sharity,Tomkin,Farmington,Michigan,2009
3322863,Sheree,Suttie,Colorado Springs,Colorado,2006
6308333,Wylie,Kreutzer,Mobile,Alabama,2008
4139106,Kathie,Lavrinov,San Jose,California,2004
1197986,Gaston,Mettetal,Rochester,New York,1988
4941474,Carleen,Akerman,Cincinnati,Ohio,1992
0909538,Frederica,Norway,Ogden,Utah,2007
7678019,Bunni,Corley,Baltimore,Maryland,1993
4295682,Elberta,Fadian,Wichita Falls,Texas,2012
2022035,Salomon,Stannard,Shreveport,Louisiana,2008
4933487,Carmencita,Methingam,Springfield,Illinois,2010
8589131,Rodrick,Flinn,San Jose,California,2004
0877617,Mirabella,Alyokhin,Austin,Texas,2000
3332115,Junia,Gadson,Harrisburg,Pennsylvania,2006
1971789,Marwin,Buessen,Hialeah,Florida,2005
4599555,Diahann,Ratchford,Miami,Florida,1999
0256186,Bartram,Dunstall,Decatur,Georgia,2005
7273480,Ignace,Allgood,Sioux City,Iowa,2012
6591595,Olly,Isakov,Los Angeles,California,2010
3982429,Dorothea,Kits,Seattle,Washington,2006
2604713,Jackelyn,Dowe,Sacramento,California,2001
1140700,Thibaut,Klimentyev,Long Beach,California,1998
8821994,Keith,Driscoll,Richmond,Virginia,2010
2547943,Linn,Hesser,Akron,Ohio,2009
5631069,Base,Downing,Roanoke,Virginia,2010
8505836,Remington,McLukie,Fresno,California,1999
7172029,Yehudi,Yea,Sacramento,California,2011
4437666,Kelley,Lightman,Sioux Falls,South Dakota,1999
3005331,Nona,Cutriss,Pensacola,Florida,2003
9988343,Goldina,Schaffler,Danbury,Connecticut,2006
1840970,Ian,Lemmertz,Clearwater,Florida,2004
3297977,Budd,Hannigane,Amarillo,Texas,2008
2021091,Hollie,Ritelli,Honolulu,Hawaii,2006
9241533,Isidore,Mazillius,Tuscaloosa,Alabama,1992
3509902,Alexander,Trengrove,Boca Raton,Florida,2002
3369818,Shir,Jaray,Murfreesboro,Tennessee,1992
3584981,Winna,Prahm,Minneapolis,Minnesota,1997
9506497,Dru,Bernth,Albuquerque,New Mexico,2004
4230267,Tony,Roggers,Naples,Florida,1997
3306042,Bordie,Fayers,Canton,Ohio,2001
7703644,Gabi,Haggerty,Tacoma,Washington,2008
2642913,Edythe,Croxley,Garland,Texas,2009
0939588,Delcine,Edinborough,Greenville,South Carolina,1994
4638546,Wylma,Vittery,Cleveland,Ohio,2007
6649389,Trevor,Cant,Montgomery,Alabama,1999
6372706,Lowe,Girardetti,Chicago,Illinois,2000
3870239,Fae,Rosina,Los Angeles,California,2001
3209000,Augusta,Gummer,Pensacola,Florida,2012
2419633,Marthe,Matiebe,Bakersfield,California,1994
2891478,Hedda,Rushton,Clearwater,Florida,2008
8577943,Olivette,Thomen,El Paso,Texas,2002
0821673,Rodi,Pree,Portland,Oregon,2002
3158026,Olag,De'Vere - Hunt,Detroit,Michigan,1997
0397891,Bord,Queen,New York City,New York,2001
4685468,Ag,Ferriby,El Paso,Texas,2004
5269494,Augy,Fliege,Washington,District of Columbia,2003
9470519,Gill,Lambregts,Paterson,New Jersey,2005
9616539,Neils,Burton,El Paso,Texas,2010
8546128,Gregor,Bolderson,Boston,Massachusetts,1997
9547389,Brittaney,Schiesterl,Orlando,Florida,2012
6143520,Blondelle,Hann,Saint Louis,Missouri,1993
9663899,Sharlene,Maginot,Fresno,California,2008
3533482,Corey,Fenner,Boston,Massachusetts,1994
7716351,Marcelle,Cordner,Seattle,Washington,1994
1488626,Laurianne,Philipsohn,El Paso,Texas,2001
9921890,Winny,Cayle,Lafayette,Louisiana,2005
2127532,Aloysius,Barton,Tampa,Florida,1998
7180281,Brittney,Alfonsetti,Tacoma,Washington,1995
8337872,Antonella,Sebyer,Philadelphia,Pennsylvania,1997
8332861,Latisha,Chaffen,Peoria,Illinois,2009
1963447,Griffin,Ketcher,Springfield,Illinois,1997
3819257,Lanae,Mattiessen,Nashville,Tennessee,1994
5219192,Orelia,Steggals,Saint Petersburg,Florida,2011
3298004,Faustina,Culley,Chicago,Illinois,2000
4626230,Reba,Dearnley,Long Beach,California,1999
3673118,Greg,Cork,Athens,Georgia,1996
2751905,Celeste,Farncombe,Decatur,Georgia,2000
8229110,Ad,Lennox,Woburn,Massachusetts,1995
1995076,Arlin,Bloxsome,Bakersfield,California,2003
2051329,George,Januszewski,Omaha,Nebraska,2004
6684732,Carlie,Follin,Montgomery,Alabama,2002
6803462,Valene,Brash,Columbia,South Carolina,1999
9236176,Eduard,Bullocke,Orlando,Florida,2007
6910309,Felice,Spatarul,Birmingham,Alabama,2006
2176467,Herminia,Leith-Harvey,Chicago,Illinois,2002
3647949,Hilda,Sheward,Fort Lauderdale,Florida,1988
2792207,Ruthanne,Drabble,Frederick,Maryland,2002
9752116,Bridie,Beddis,Kansas City,Missouri,2011
2722425,Aloise,Saban,Springfield,Illinois,1994
0388400,Leanora,Littell,San Jose,California,1996
5523468,Chantalle,Jerzycowski,Springfield,Illinois,1992
6047977,Willabella,Wane,Columbia,South Carolina,1994
7311490,Amos,Thumann,New Orleans,Louisiana,2007
4868903,Adina,Bernardt,Des Moines,Iowa,1996
7427566,Mable,Minty,Las Vegas,Nevada,2012
3333390,Edythe,Gallon,Utica,New York,2004
7046281,Charita,Rubega,Sacramento,California,1995
8035920,Ariel,Pratley,Santa Barbara,California,1986
1420893,Jenn,Mossbee,Indianapolis,Indiana,2001
3614157,Isis,Mumbeson,El Paso,Texas,1999
3597615,Brigitta,Balfour,Spokane,Washington,2002
9792250,Delphine,Bench,Rochester,New York,1994
2935031,Dimitri,Birtwell,Baltimore,Maryland,2011
3096238,Sheri,Huyge,Iowa City,Iowa,2009
7350124,Cesare,Hagyard,Ashburn,Virginia,1992
1014945,Ruperta,Moralee,Washington,District of Columbia,2005
2278177,Clementius,Oliveto,Topeka,Kansas,1996
4762954,Jillayne,Dever,Schenectady,New York,1999
9709191,Bartram,Paver,Columbus,Georgia,1987
7718849,Ogdon,Skarr,Sarasota,Florida,1994
9744832,Riobard,Edgeon,Virginia Beach,Virginia,1997
6302341,Ly,Gerardot,Shreveport,Louisiana,2002
1751779,Tracy,Romaines,Madison,Wisconsin,2001
9585191,Laetitia,Prue,Pensacola,Florida,2001
3435291,Jasmine,Piatto,Syracuse,New York,1961
3591866,Katalin,Merkle,Herndon,Virginia,2011
3291967,Pebrook,McDougald,Austin,Texas,2001
2664582,Kendricks,Burriss,Raleigh,North Carolina,2007
2349414,Dorie,Sugg,Van Nuys,California,2001
8022612,Everett,Thew,Escondido,California,2006
7002955,Gran,Hyrons,Spring Hill,Florida,2000
7592492,Bronson,Swinfon,Rochester,New York,2004
5092741,Alisun,Scandrett,Fort Wayne,Indiana,2007
8250032,Shanie,Trillow,Syracuse,New York,2004
2654190,Teodoor,Behnecken,Salt Lake City,Utah,1992
8866719,Kori,Dorr,El Paso,Texas,1995
8794865,Caddric,Ambroisin,New York City,New York,2008
9685807,Wandis,Cauldwell,Canton,Ohio,2000
0906694,Kettie,Schultze,Yonkers,New York,2002
5266601,Konstanze,Gulc,Kansas City,Missouri,1997
4253341,Edeline,Mattersey,Texarkana,Texas,1999
4997606,Rosabel,Emerson,Jackson,Mississippi,2001
4633842,Myrna,Poff,Boulder,Colorado,2005
9806227,Prince,Windibank,Houston,Texas,2010
9480999,Ermina,Vidyapin,San Francisco,California,2006
6869554,Raina,Smye,Los Angeles,California,1995
7425606,Obadiah,MacDonnell,San Jose,California,1998
0443163,Pollyanna,Scandrite,Greenville,South Carolina,1991
8456039,Abigale,Allabarton,Kansas City,Missouri,2008
5977002,Josy,Pidduck,Berkeley,California,2007
6690393,Augusta,Stein,Fort Worth,Texas,1993
3056931,Roy,Hardy,San Diego,California,2002
2628358,Bernette,Lanbertoni,Denver,Colorado,1993
0735779,Floria,Hechlin,Birmingham,Alabama,2007
3889487,Levi,Marzelli,Wilmington,Delaware,1991
4071767,Anetta,Banton,Macon,Georgia,2010
2498202,Nikolia,Coole,Tucson,Arizona,2006
5550593,Jo,Leil,Beaufort,South Carolina,2011
4827364,Perry,Sex,Scottsdale,Arizona,2010
7548143,Conrado,Jouhandeau,Charleston,West Virginia,2004
4928451,Carroll,Delahunty,Irving,Texas,2002
0702048,Norry,Langthorn,Pocatello,Idaho,1998
6585397,Lowell,Pembridge,Hot Springs National Park,Arkansas,2007
4834160,Grove,Karoly,Phoenix,Arizona,2001
5349247,Lynnet,Hallet,Atlanta,Georgia,1998
5167524,Lenci,Gertz,Birmingham,Alabama,2003
6051549,Adolphe,Trammel,Boston,Massachusetts,2012
5508342,Lucila,Dinley,Temple,Texas,2008
5543112,Nelie,Gregorio,Fresno,California,2010
9816563,Phyllida,Eick,Fresno,California,1993
7539557,Merridie,Girod,Jamaica,New York,1990
8511548,Che,Hens,Las Vegas,Nevada,2010
4583284,Hailey,Cosins,Saginaw,Michigan,1986
1968495,Jordana,Labat,Brooklyn,New York,2011
5155921,Evey,Ricioppo,Utica,New York,2006
5743187,Hadria,Vandenhoff,Atlanta,Georgia,2012
7146416,Isiahi,Kersting,Burbank,California,2000
2895043,Callean,Shinton,El Paso,Texas,2008
6109474,Sheffield,Capehorn,Miami,Florida,2003
7944889,Kala,Herrieven,Van Nuys,California,1963
6261399,Barbee,Lathleiff,Brooklyn,New York,1980
6415338,Karyl,Heddon,Austin,Texas,1992
5790159,Moise,Callingham,Macon,Georgia,2008
4681180,Dominga,Shepley,Pensacola,Florida,2013
0204195,Leshia,McGenn,Lansing,Michigan,1992
9713113,Ardene,Tippett,Tallahassee,Florida,2005
0805561,Milton,Wolfarth,Peoria,Illinois,1997
0600686,Shaun,Stoneman,Las Vegas,Nevada,2006
6477907,Sterne,Blazy,Toledo,Ohio,1985
9206742,Rozanne,Gabbetis,Melbourne,Florida,1993
2574677,Nils,Liddel,Greeley,Colorado,1997
2526890,Benni,Tidbald,San Francisco,California,1999
3592390,Edgard,Guisot,Columbus,Ohio,1995
8844744,Vassili,Sawle,Washington,District of Columbia,2010
9241876,Lorne,Maunsell,Irvine,California,1994
6715268,Travus,Maddrah,Virginia Beach,Virginia,2000
0313247,Harrison,Cuxson,Dallas,Texas,1981
9589718,Renee,Le Hucquet,Washington,District of Columbia,2012
7992570,Nerty,Marl,Wilmington,North Carolina,1995
4816894,Nichole,Sagg,Fresno,California,2007
1280131,Tabb,Alldre,Tallahassee,Florida,1983
8100143,Berke,Lotze,Seattle,Washington,1995
0249449,Serene,Lasselle,Denver,Colorado,1997
6814586,Katrina,Brasse,San Antonio,Texas,2000
8185695,Abram,Luff,Salt Lake City,Utah,2012
0360485,Pate,Comberbach,Knoxville,Tennessee,2006
0647837,Lissie,Spurret,Lake Worth,Florida,1985
6909302,Adriane,Older,Minneapolis,Minnesota,1991
0036832,Cary,McCulley,Fredericksburg,Virginia,2003
5587844,Corbin,Cratchley,Minneapolis,Minnesota,2006
5514632,Dulcinea,Grellier,Fresno,California,2012
8645877,Marie-jeanne,Boyford,Hialeah,Florida,1998
7760037,Lennard,Mouatt,Baltimore,Maryland,1999
3583085,Vale,Teresi,Port Washington,New York,1995
0968666,Tannie,Panchen,Charlottesville,Virginia,2008
6534942,Ernst,Coke,Austin,Texas,1997
3887955,Guilbert,Euston,Seattle,Washington,2005
7627852,Jarrid,Gierhard,Providence,Rhode Island,1992
4915704,Bentlee,Heineken,Brooklyn,New York,1996
9191500,Meir,Flear,Kent,Washington,1998
6831616,Nichole,Sowter,Macon,Georgia,1987
9149338,Rosita,Cabedo,Oklahoma City,Oklahoma,2003
2014183,Clayson,Featherstone,Bethesda,Maryland,1991
0395224,Darleen,Dodle,Jamaica,New York,2012
5370998,Lenore,Hadcock,Bronx,New York,2006
4212228,Haleigh,Pavlovsky,Milwaukee,Wisconsin,1993
3046720,Codee,Althorpe,Springfield,Missouri,2002
3636768,Isac,Springer,Boise,Idaho,2006
2306438,Carlye,Spurden,Birmingham,Alabama,1986
9351802,Quint,Sabatini,Omaha,Nebraska,2010
1747332,Lil,Spread,Evansville,Indiana,1995
6088185,Jenelle,Ebbutt,Baltimore,Maryland,1964
1458002,Bekki,Itzkovitch,Fresno,California,2000
1436282,Win,Grunwald,West Hartford,Connecticut,2009
2881681,Livvyy,Heeran,Miami,Florida,2009
9935193,Karola,Carreyette,Tempe,Arizona,1987
5111902,Jocelyn,Novik,Wichita,Kansas,1996
6759893,Pren,Simla,Young America,Minnesota,2011
1629997,Aileen,Bernardinelli,Las Vegas,Nevada,2005
5190047,Michael,Hyne,Boston,Massachusetts,2002
2583355,Amalia,Keyse,Waco,Texas,1986
4204914,Teodor,Yarnell,Spring,Texas,2003
1923959,Adrienne,Pantling,Las Vegas,Nevada,1995
9427375,Zondra,Howsley,Lansing,Michigan,2005
9501641,Jenny,Gamlyn,Minneapolis,Minnesota,1991
6307285,Elvera,Dengate,Scottsdale,Arizona,1998
6834821,Meghan,Arrowsmith,Oklahoma City,Oklahoma,2008
4992936,Claire,Apark,Richmond,Virginia,1995
3806978,Casper,Clausen-Thue,Rochester,New York,1967
7325550,Raviv,Crighton,Santa Monica,California,1985
7743986,Elga,Readshall,Bismarck,North Dakota,2005
5878615,Stephani,Murgatroyd,Saint Paul,Minnesota,2006
0709892,Alyosha,Oland,Dearborn,Michigan,1996
1421681,Brigit,Rydzynski,Spokane,Washington,2002
0619887,Mattheus,Longshaw,Virginia Beach,Virginia,2006
5517637,Ephrayim,Onslow,El Paso,Texas,2011
9124278,Eleanor,Thorold,Springfield,Ohio,2009
5396051,Simone,Beefon,Phoenix,Arizona,2006
6635048,Tabby,Telling,Bonita Springs,Florida,2012
4338561,Paolina,Leile,San Diego,California,2010
3058700,Odella,Brome,Phoenix,Arizona,2003
2920798,Deva,Croyser,Hollywood,Florida,1986
9764473,Austina,Rule,Grand Rapids,Michigan,1998
4787318,Gerianne,Matusovsky,Migrate,Kentucky,1990
2050076,Collete,Atlee,Greensboro,North Carolina,2012
3162265,Delly,McIlenna,San Diego,California,1958
1418943,Rodolphe,Rupprecht,Miami,Florida,1988
4787221,Rees,Pennycock,Cleveland,Ohio,1995
8402201,Coriss,Bouttell,Bonita Springs,Florida,1992
4518460,Kaye,Gwillym,Long Beach,California,2010
2291365,Augy,Swannack,Trenton,New Jersey,2001
4112551,Ashleigh,Cadwallader,Omaha,Nebraska,2006
2678648,Shina,Scramage,Fort Worth,Texas,1989
8257003,Alyosha,Hazelton,Las Vegas,Nevada,2002
5563412,Mal,Peyzer,Scranton,Pennsylvania,1993
4418468,Cherish,Torritti,Washington,District of Columbia,2010
1410271,Darda,Bartusek,Burbank,California,1989
0962129,Ramon,D' Angelo,Houston,Texas,2006
7658619,Shirline,Putland,Mansfield,Ohio,1992
7462678,Francis,MacCaffrey,Seattle,Washington,2002
1067649,Veronica,Pattenden,South Bend,Indiana,2009
0395993,Shawn,Breewood,Charlotte,North Carolina,1993
6835434,Lin,Gallimore,London,Kentucky,2012
7938381,Leontine,Hischke,Green Bay,Wisconsin,2011
5010845,Roseann,Walley,San Francisco,California,1997
5274692,Vivienne,Pascow,Cincinnati,Ohio,2009
0001957,Sonny,Smallpeace,New Orleans,Louisiana,2007
2774231,Bradan,Hardbattle,Jacksonville,Florida,2006
0280098,Loraine,McCarrick,New Orleans,Louisiana,2002
8541417,Jemima,Firmin,Los Angeles,California,2013
3100660,Tyson,Isenor,Independence,Missouri,1995
1837083,Tadd,Peatheyjohns,Louisville,Kentucky,2010
7851087,Murdoch,Richly,Saint Cloud,Minnesota,2005
5995543,Donavon,Slamaker,Fresno,California,1995
1074311,Connor,Loffill,Los Angeles,California,1988
1622851,Bone,Egel,Wilmington,North Carolina,2009
3577162,Ruy,Francescuzzi,Schenectady,New York,1997
9065032,Amy,Attoc,Mount Vernon,New York,1996
5063836,Damian,Mathes,Detroit,Michigan,1992
4050111,Wilmette,Gwatkin,Odessa,Texas,1998
1318765,Othilia,MacAlpin,San Bernardino,California,1986
9242413,Massimiliano,Shawley,Inglewood,California,1994
7658374,Eziechiele,Bickerstaff,Memphis,Tennessee,1995
5785493,Gerhardine,Downham,Santa Barbara,California,2009
8269261,Jamil,Deakes,Oakland,California,2011
1560124,Kirby,Brickett,Atlanta,Georgia,2007
5053690,Ben,Tollet,Phoenix,Arizona,1998
2985926,Arda,Hullock,San Antonio,Texas,2011
0679589,Dar,Hakewell,Reno,Nevada,2001
8569396,Bary,Darlow,Saint Paul,Minnesota,2011
9794831,Ealasaid,Wyatt,Oklahoma City,Oklahoma,1996
5971170,Hillie,Georgelin,Richmond,Virginia,2002
3919745,Tommie,Knapp,Lexington,Kentucky,1993
0154085,Risa,Gillman,Myrtle Beach,South Carolina,1999
3335560,Janos,Schwandt,Lakewood,Washington,1998
1232921,Cherida,Blabey,Detroit,Michigan,2005
0295352,Jacquenette,Milne,Fort Myers,Florida,1998
0902903,Carlota,Puddifer,Pittsburgh,Pennsylvania,1998
0571900,Angelle,Laboune,Huntsville,Alabama,1999
6087885,Dusty,Foley,San Francisco,California,2007
4847801,Reilly,MacTavish,Minneapolis,Minnesota,1998
1128269,Glenn,Bamber,Houston,Texas,2004
1368384,Gordan,Lancaster,Louisville,Kentucky,2008
9990214,Willem,Pounsett,Miami,Florida,2010
8333729,Wye,Juszczak,Rochester,New York,1991
2355032,Ginger,Barkess,Scottsdale,Arizona,2001
7643389,Merilyn,Cramer,Amarillo,Texas,2011
4509803,Margie,Meugens,Cincinnati,Ohio,1986
1882278,Granthem,Wrench,Honolulu,Hawaii,1999
1176970,Orella,Hearthfield,Albany,New York,2012
6619741,Fidela,Eccleshall,Milwaukee,Wisconsin,2000
8010568,Carmita,McInnerny,Detroit,Michigan,2009
3187213,Trefor,Exton,Merrifield,Virginia,2003
2309695,Ula,Daviddi,San Antonio,Texas,1999
7593392,Tam,Dubble,Miami,Florida,2003
2085016,Brear,Emmanuele,Albuquerque,New Mexico,1994
8649793,Livvie,Tuny,Kansas City,Kansas,2009
3904700,Reuben,Ellings,Miami,Florida,2008
4939308,Mellicent,Pretley,Salem,Oregon,2000
5450763,Maxim,Marks,Tucson,Arizona,2008
7491557,Gill,Kille,Houston,Texas,1996
7440606,Zia,Woofinden,Tulsa,Oklahoma,2002
9055890,Cass,Harmond,Austin,Texas,1998
8262896,Pauline,Charlwood,Burbank,California,1992
0341721,Delilah,Cowely,Colorado Springs,Colorado,2006
7775618,Rhodia,Grichukhin,Fullerton,California,2011
5551091,Raye,Parks,Colorado Springs,Colorado,2006
7794801,Melly,Pelos,Washington,District of Columbia,1993
3967978,Philbert,Garstang,Palo Alto,California,1986
4417837,Susannah,Sink,Tulsa,Oklahoma,2006
4637777,Eward,Haukey,West Palm Beach,Florida,1994
5317650,Quintana,Brain,Portsmouth,Virginia,2005
7492678,Genevieve,Blampey,San Francisco,California,2007
6528131,Toby,Cunliffe,Clearwater,Florida,2000
8862074,Darcey,Godbold,Provo,Utah,2002
8927246,Tracie,Broggio,Washington,District of Columbia,1999
7196048,Morry,Gegg,Melbourne,Florida,2013
8200065,Wendi,Fairbrace,New Bedford,Massachusetts,2009
9236907,Kenon,Vanyard,South Bend,Indiana,2011
5032801,Kenna,Fishe,Portland,Oregon,2009
4312520,Kliment,Bearn,Houston,Texas,1999
1698024,Welbie,Heynel,Bakersfield,California,2001
4769259,Falkner,Dorrins,Philadelphia,Pennsylvania,1997
9691893,Jefferson,Lenard,Miami,Florida,2004
9093565,Hamil,Snookes,Grand Rapids,Michigan,2000
3302535,Austine,Calvert,Columbia,South Carolina,2006
7002804,Emili,Wilsdon,Chicago,Illinois,2010
7331005,Paul,Checcuzzi,Fort Lauderdale,Florida,2000
2056426,Berna,Asplen,Grand Rapids,Michigan,1995
9934473,Liv,Swaisland,Corpus Christi,Texas,1996
2751573,Christean,Rogeon,Melbourne,Florida,1988
0484132,Warden,Hubber,Portland,Oregon,2003
2549353,Rosina,Halpen,Boston,Massachusetts,1995
4037769,Loreen,Fownes,Canton,Ohio,2008
7625000,Lionello,Mazin,Saint Louis,Missouri,2006
7975311,Nancie,Eul,Saint Augustine,Florida,2005
7939379,Yolanda,Saenz,Denver,Colorado,2008
7401839,Roxy,Poulston,Brooklyn,New York,2008
6873536,Rodrick,Leebeter,Gastonia,North Carolina,1994
3544245,Horst,Fawlkes,Wichita,Kansas,2009
6792680,Ebeneser,McIlheran,Philadelphia,Pennsylvania,2004
7505136,Bobina,Kobieriecki,El Paso,Texas,2004
4630266,Perice,Dries,North Las Vegas,Nevada,2012
7732950,Therine,Radleigh,Denver,Colorado,2013
1672126,Pollyanna,Spilsburie,Huntington Beach,California,1998
2753109,Obie,MacDiarmond,Toledo,Ohio,2001
8739089,Othilia,Francais,Phoenix,Arizona,2003
2499987,Willey,Jugging,Kansas City,Kansas,1987
5150219,Germaine,Kivlehan,Houston,Texas,2008
1906957,Ninon,Roff,Bethesda,Maryland,2002
8537169,Angy,Detloff,Atlanta,Georgia,2011
4814705,Tyson,Kurt,Phoenix,Arizona,2011
4567198,Sissy,Gatty,Fort Worth,Texas,2000
7946659,Albrecht,Bowle,Birmingham,Alabama,2012
6456505,Rori,Greiser,Glendale,California,1997
9486620,Munroe,Peeters,Springfield,Illinois,2003
3900350,Ursola,Jedrzejczak,Nashville,Tennessee,2007
2743275,Philbert,Bore,Lansing,Michigan,2003
8937486,Osmond,Fellowes,Mountain View,California,1993
0025642,Barnard,Yeskov,Oklahoma City,Oklahoma,2012
0938200,Candace,Chifney,Houston,Texas,2012
1542829,Carling,Aveyard,Hicksville,New York,1994
5223584,Jerrie,Jennings,Philadelphia,Pennsylvania,1992
9874005,Bartholomew,Godfery,Denton,Texas,1994
7749371,Kerstin,Skeldon,Topeka,Kansas,2011
6511362,Blaire,Moff,Chattanooga,Tennessee,2001
3429577,Emalee,Underdown,Saint Petersburg,Florida,1999
4892214,Tadeo,Stonebridge,Springfield,Massachusetts,2005
4156693,Rollin,Guitonneau,Greensboro,North Carolina,1994
7163956,Marlowe,Wessing,Memphis,Tennessee,1997
4803653,Heriberto,Loisi,New Orleans,Louisiana,2003
4168675,Anderea,Cavozzi,Milwaukee,Wisconsin,2006
7205563,Denys,Abramovic,Amarillo,Texas,2006
3373210,Gustaf,Yitshak,New Orleans,Louisiana,2006
3971409,Norbie,Glencrash,Palmdale,California,1997
3999637,Alane,Cleaveland,Cape Coral,Florida,1993
3973687,Borden,Huzzey,Santa Cruz,California,2005
3016992,Glyn,Forseith,Phoenix,Arizona,2013
2402782,Darn,Hebbes,Oklahoma City,Oklahoma,1989
7822839,Gran,Carabet,Lexington,Kentucky,1999
8917203,Jilli,Hessel,Harrisburg,Pennsylvania,2000
9707158,Ogdon,Gilbride,Hartford,Connecticut,2010
2074929,Etan,Smees,Columbia,South Carolina,2003
1105945,Nady,Kilday,Cincinnati,Ohio,2003
2794644,Cary,Ritmeyer,Pasadena,California,1996
5911098,Jemmy,Micah,Tampa,Florida,2012
8264691,Norah,Haggar,Colorado Springs,Colorado,2007
4038881,Jessi,McRavey,Montgomery,Alabama,2007
8601787,Somerset,Kretchmer,Norfolk,Virginia,1993
5836329,Rene,Phalp,Charlotte,North Carolina,2005
7416557,Heddi,Dinsale,New Haven,Connecticut,1992
1302039,Kassey,Meriet,Sarasota,Florida,1999
6000525,Bordie,Bushel,Davenport,Iowa,2009
6680200,Thomasa,Pavlishchev,Fort Worth,Texas,1997
9320409,Augustin,Semble,Lakeland,Florida,2004
0655457,Millard,Sorrel,Conroe,Texas,2011
6952259,Modesty,April,Orlando,Florida,2001
4768064,Malory,Unsworth,Philadelphia,Pennsylvania,2007
7359967,Erena,Kellaway,Denver,Colorado,2002
2668751,Melina,Rispen,Sioux Falls,South Dakota,1992
1404042,Donaugh,Walklott,Brockton,Massachusetts,1984
9651215,Starlin,Allison,Dallas,Texas,1998
1624092,Roosevelt,Cossins,Jeffersonville,Indiana,2000
6640192,Tarah,Scipsey,Lake Worth,Florida,1988
5909545,Kermie,Sim,Winston Salem,North Carolina,2004
9077309,Candie,Counsell,Birmingham,Alabama,2009
2789063,Tedie,Legrand,Nashville,Tennessee,2005
5164795,Lusa,Robecon,Panama City,Florida,1995
6521078,Winnah,Fidian,Charleston,West Virginia,2001
2238986,Tiffie,Cudbird,Orlando,Florida,2008
4126098,Yolanda,Faustin,Washington,District of Columbia,2011
8644500,Lorie,Dufaire,Sacramento,California,2010
9039704,Adele,Murphy,Oklahoma City,Oklahoma,1987
3894213,Drew,Clewlowe,Charleston,West Virginia,2006
5417583,Shaine,Pragnell,Albany,New York,2005
6470362,Robinet,Partington,Lubbock,Texas,2010
4872261,Odelia,Pacher,Shawnee Mission,Kansas,2001
9109716,Saree,McEachern,Syracuse,New York,2003
6344828,Vanna,Mucci,Mc Keesport,Pennsylvania,1999
2182499,Rosmunda,Bysouth,Appleton,Wisconsin,1989
5373166,Eva,Shoebrook,Florence,South Carolina,2012
5706774,Tilly,Iskov,Knoxville,Tennessee,2011
4913036,Nils,Jura,Dulles,Virginia,2011
0840845,Lorri,Harridge,Tulsa,Oklahoma,2001
8838653,Mallory,Renhard,Virginia Beach,Virginia,2001
0667484,Caron,Digance,Wichita Falls,Texas,2001
3872244,Tildie,Bryenton,El Paso,Texas,1985
2413851,Prudy,Hasloch,Peoria,Illinois,1992
6013396,Ivory,Carlett,Miami,Florida,2005
7327578,Alano,Cabedo,San Jose,California,2012
8026166,Lainey,Philipson,Philadelphia,Pennsylvania,1992
3909335,Idette,Parkes,Detroit,Michigan,2000
4573917,Parke,Czyz,Reston,Virginia,2011
3403231,Rayna,Harford,Washington,District of Columbia,1997
0947696,Carney,Jagels,Shreveport,Louisiana,1992
0905426,Judah,Placstone,Amarillo,Texas,2004
0397292,Sari,Sausman,Kalamazoo,Michigan,2006
2412058,Teriann,Sands-Allan,Saint Louis,Missouri,2010
2013648,Germana,Kofax,Nashville,Tennessee,1992
0349082,Timoteo,Whaites,Marietta,Georgia,2012
2122127,Willy,McSwan,Pasadena,California,1994
4597230,Ludvig,Moulds,Indianapolis,Indiana,2001
7410805,Adelbert,Furneaux,Henderson,Nevada,2002
8937189,Stavros,Harkins,Saint Petersburg,Florida,2003
3686338,Brittaney,Joyce,Omaha,Nebraska,1994
1684060,Jacquie,Westgarth,Albany,New York,2004
2011217,Bruce,Grece,Baltimore,Maryland,1997
4996252,Ursuline,Yeardley,Terre Haute,Indiana,1997
3868814,Etta,Wallice,El Paso,Texas,1992
2253296,Devin,Cannavan,Oceanside,California,2003
0095381,Morlee,Batten,Boston,Massachusetts,1994
8752085,Phillipp,Tithecote,Jacksonville,Florida,2003
7547646,Elianore,Belfit,Baltimore,Maryland,1997
1726743,Tuck,Dillingstone,Salt Lake City,Utah,1996
2485548,Simonette,Beilby,Richmond,Virginia,2002
1435602,Jessie,Swayte,Los Angeles,California,2007
7336229,Massimo,Ebhardt,Madison,Wisconsin,2011
6449431,Anton,Carrier,Inglewood,California,1992
7713310,Gabe,Colleton,Washington,District of Columbia,2005
6104634,Roxane,Wands,Shreveport,Louisiana,1989
9093405,Kort,Trahair,Alpharetta,Georgia,2012
2596164,Bryce,Kardos-Stowe,Indianapolis,Indiana,1977
8519251,Paco,Baudins,Canton,Ohio,2006
4670171,Mollie,Stother,Augusta,Georgia,1999
6956391,Ardith,Nugent,Bronx,New York,2003
6203160,Claudius,Gullifant,New York City,New York,2000
5051302,Carlo,Goldman,Laurel,Maryland,2007
6036038,Zacharias,Gamet,Pittsburgh,Pennsylvania,1999
3881970,Valenka,Sabattier,Portland,Oregon,2000
3311949,Stewart,Pynner,Fresno,California,1991
6225557,Van,Redmille,Knoxville,Tennessee,2007
3529033,Aurea,Manhare,San Jose,California,1984
7727078,Bennett,Springthorp,Phoenix,Arizona,1993
4121210,Ellswerth,Alexsandrowicz,Dayton,Ohio,2004
3957415,Nert,Maunder,El Paso,Texas,2001
5531690,Hart,Gallacher,Dayton,Ohio,2002
6706254,Angeli,Mizen,Monroe,Louisiana,2003
0672318,Alejandrina,Westfalen,Pittsburgh,Pennsylvania,1992
5780884,Lita,Knyvett,Manchester,New Hampshire,2007
5513593,Merrili,Burcher,Sacramento,California,1993
1626734,Chere,Rissen,Tacoma,Washington,1992
4816254,Dyna,McLaughlan,Athens,Georgia,2012
1660760,Emilie,Hawe,San Antonio,Texas,2009
3697923,Edee,Soigoux,Dallas,Texas,1997
5697672,Kelby,Ozanne,Bethlehem,Pennsylvania,2008
6020290,Johannah,MacGee,Portland,Oregon,2003
9548834,Sean,Bettanay,Fort Myers,Florida,2010
3380304,Vincenty,Fauning,Anaheim,California,2007
6889007,Aryn,Beacom,Huntington,West Virginia,1986
4287810,Abner,Temprell,Saint Louis,Missouri,2002
2176273,Hakim,Archbald,El Paso,Texas,2012
6398226,Brana,Castaignet,Denver,Colorado,2007
6991773,Marley,Gowing,Arlington,Texas,2002
8580568,Rand,Badrock,Miami Beach,Florida,2010
9977548,Jason,Caunce,Houston,Texas,2006
9783086,Tomi,Gorwood,Washington,District of Columbia,2009
2048827,Hogan,Rodolico,San Antonio,Texas,1993
0713700,Adelheid,Drinkhall,San Diego,California,1992
1939473,Genny,Caze,New York City,New York,1992
5560667,Ida,Sawkins,Phoenix,Arizona,2009
9193939,Rodrick,Abelevitz,Austin,Texas,2008
6237328,Dewitt,Boswell,Waterbury,Connecticut,2010
8196721,Joeann,Foulser,Wichita Falls,Texas,2007
6781432,Arlette,Spiers,Charlotte,North Carolina,1996
5467850,Alys,Cosans,Valley Forge,Pennsylvania,2011
2756422,Stephenie,Hatrey,Cincinnati,Ohio,1987
8615009,Warde,MacGuigan,Houston,Texas,2005
2130506,Tiena,Hakey,Salt Lake City,Utah,2010
8748252,Alvis,MacGow,Anchorage,Alaska,1996
2677410,Margalit,Cowland,Oklahoma City,Oklahoma,2009
3262840,Kirsteni,Godlonton,Tallahassee,Florida,2000
6075109,Tynan,Brooking,Boulder,Colorado,2010
8676231,Madalyn,Leeb,Saint Paul,Minnesota,1994
5978303,Christoper,Dominelli,Macon,Georgia,1999
4460464,Gerardo,Wesker,Colorado Springs,Colorado,1993
1386919,Virginia,Bimrose,Denver,Colorado,1993
4804631,Rosabel,Cockshott,Chicago,Illinois,1992
6080641,Rubin,Kapelhof,Phoenix,Arizona,1992
4130213,Ken,McTear,San Francisco,California,2004
5158027,Hanan,Cogin,Concord,California,2000
8736776,Vinnie,Ollett,Cincinnati,Ohio,2011
9561819,Lora,Magrane,Philadelphia,Pennsylvania,2003
0615929,Zaria,Pitney,East Saint Louis,Illinois,2005
5141737,Bryna,Huntingdon,Flushing,New York,1993
8473904,Rhiamon,Pogosian,Baltimore,Maryland,2011
0679110,Jorrie,Brayley,Jamaica,New York,1994
6210299,Hadley,Tenbrug,Memphis,Tennessee,2005
2893447,Jamey,Cunde,Brooklyn,New York,1968
7796472,Dorian,Kees,Erie,Pennsylvania,2007
7351088,Cicely,Powderham,Milwaukee,Wisconsin,1987
8858762,Carolynn,Tyreman,San Diego,California,2003
0303856,Eugenio,Rantoull,Independence,Missouri,1958
5077273,Shandy,Franek,Sacramento,California,2005
3362535,Leo,Housegoe,Tampa,Florida,1984
3504477,Vernen,Savaage,Duluth,Georgia,2012
7200064,Earlie,Pietrasik,Atlanta,Georgia,2004
